"model","R2","SNP"
"GF-Raw",0.473149066766004,"S10_1399758"
"GF-Raw",0.491950377002291,"S10_3182475"
"GF-Raw",0.488589512689665,"S10_3182481"
"GF-Raw",0.467315206800825,"S10_3182483"
"GF-Raw",0.502715375295451,"S10_7543906"
"GF-Raw",0.498884207231824,"S10_7544052"
"GF-Raw",0.478855937241791,"S10_11678553"
"GF-Raw",0.513181035854311,"S10_15784658"
"GF-Raw",0.634406702466589,"S10_16927729"
"GF-Raw",0.479160536109292,"S10_17212073"
"GF-Raw",0.457153980710611,"S10_17555839"
"GF-Raw",0.526887080585456,"S10_18728899"
"GF-Raw",0.485634559771757,"S10_18728978"
"GF-Raw",0.544699179507367,"S10_19376238"
"GF-Raw",0.557374512974042,"S11_489961"
"GF-Raw",0.488218366084069,"S11_489999"
"GF-Raw",0.47053198062807,"S11_614036"
"GF-Raw",0.510169185702686,"S11_811811"
"GF-Raw",0.498071162124435,"S11_4957167"
"GF-Raw",0.658111465561619,"S11_5578469"
"GF-Raw",0.58273244346291,"S11_5759899"
"GF-Raw",0.494517265364354,"S11_6941054"
"GF-Raw",0.593138131090568,"S11_7359398"
"GF-Raw",0.702279493784795,"S11_7867453"
"GF-Raw",0.659067484226001,"S11_7867485"
"GF-Raw",0.540694254080035,"S11_11422545"
"GF-Raw",0.472307326390838,"S11_11445916"
"GF-Raw",0.628601379604393,"S11_15455956"
"GF-Raw",0.581432794073232,"S11_16248311"
"GF-Raw",0.568580813014845,"S11_16471931"
"GF-Raw",0.540629351121318,"S11_16472037"
"GF-Raw",0.497121853126307,"S11_16811601"
"GF-Raw",0.47149423249705,"S11_17087633"
"GF-Raw",0.497690758468772,"S11_17345457"
"GF-Raw",0.486062595360838,"S11_17531267"
"GF-Raw",0.501774698027989,"S12_9074092"
"GF-Raw",0.540855509241129,"S12_13673977"
"GF-Raw",0.463038060598508,"S13_3458640"
"GF-Raw",0.520505216950106,"S13_3902075"
"GF-Raw",0.6180340512303,"S13_6480042"
"GF-Raw",0.503256940152192,"S13_8623236"
"GF-Raw",0.409288906020464,"S13_9853017"
"GF-Raw",0.566523007856897,"S13_11031368"
"GF-Raw",0.616886644141169,"S13_11669040"
"GF-Raw",0.473163911981953,"S13_14618925"
"GF-Raw",0.50422175358967,"S14_2465714"
"GF-Raw",0.475584213137896,"S14_3464054"
"GF-Raw",0.538446158999811,"S14_3646510"
"GF-Raw",0.44803669340232,"S14_4317393"
"GF-Raw",0.544448915181918,"S14_4635055"
"GF-Raw",0.574818103551173,"S14_6239965"
"GF-Raw",0.41896061891768,"S14_9844297"
"GF-Raw",0.440302542417894,"S14_10318144"
"GF-Raw",0.460914637967691,"S14_11661338"
"GF-Raw",0.588486532392111,"S14_14635341"
"GF-Raw",0.640121777059245,"S14_14851547"
"GF-Raw",0.493713827376797,"S15_493001"
"GF-Raw",0.433451543970468,"S15_698057"
"GF-Raw",0.424076301659594,"S15_834034"
"GF-Raw",0.492340451983768,"S15_2512847"
"GF-Raw",0.587642905356308,"S15_2552009"
"GF-Raw",0.551155524733233,"S15_2849893"
"GF-Raw",0.466833342853238,"S15_4540581"
"GF-Raw",0.484772016558726,"S15_9412891"
"GF-Raw",0.51178761851318,"S15_10946515"
"GF-Raw",0.512783226366574,"S15_13264374"
"GF-Raw",0.644584071728977,"S15_13876227"
"GF-Raw",0.667566803372738,"S15_13876284"
"GF-Raw",0.504026109568865,"S16_1774109"
"GF-Raw",0.450296955608109,"S16_3652319"
"GF-Raw",0.455846583939261,"S16_4537199"
"GF-Raw",0.509269341223287,"S16_5122567"
"GF-Raw",0.556050589283222,"S16_7863550"
"GF-Raw",0.565100049717944,"S16_9956813"
"GF-Raw",0.520067645141399,"S16_10609452"
"GF-Raw",0.524334597116916,"S16_10988719"
"GF-Raw",0.478379890717629,"S16_10988727"
"GF-Raw",0.484711025559634,"S16_12799705"
"GF-Raw",0.469108990566031,"S17_77364"
"GF-Raw",0.496618544224478,"S17_112497"
"GF-Raw",0.482102887325046,"S17_2196029"
"GF-Raw",0.468954345868114,"S17_2503693"
"GF-Raw",0.424819322778765,"S17_2787616"
"GF-Raw",0.458323789766779,"S17_4694529"
"GF-Raw",0.426146362564602,"S17_6548572"
"GF-Raw",0.489882566221823,"S17_9677422"
"GF-Raw",0.542195067878763,"S17_10734054"
"GF-Raw",0.551686908945383,"S17_13332695"
"GF-Raw",0.524045976291326,"S17_13835942"
"GF-Raw",0.454235172186677,"S17_14340693"
"GF-Raw",0.469561898351975,"S17_15373087"
"GF-Raw",0.489064478155077,"S18_3268873"
"GF-Raw",0.748124284136181,"S18_4527285"
"GF-Raw",0.582087881500625,"S18_5836324"
"GF-Raw",0.61216611314237,"S18_5840119"
"GF-Raw",0.610498725310714,"S18_5840237"
"GF-Raw",0.627816899099241,"S18_5840247"
"GF-Raw",0.620733557746712,"S18_5840807"
"GF-Raw",0.596981534359476,"S18_5840836"
"GF-Raw",0.532855912482656,"S18_5940468"
"GF-Raw",0.623923806579305,"S18_6020464"
"GF-Raw",0.414073073574072,"S18_7723890"
"GF-Raw",0.50158829209241,"S18_8716889"
"GF-Raw",0.502096309733881,"S18_8716933"
"GF-Raw",0.591163762189703,"S18_8874718"
"GF-Raw",0.506326373884181,"S18_14695154"
"GF-Raw",0.581908003176614,"S18_14983119"
"GF-Raw",0.657505265673252,"S19_124357"
"GF-Raw",0.500256686212708,"S19_253705"
"GF-Raw",0.466092825169452,"S19_1593550"
"GF-Raw",0.513309896637618,"S19_2575626"
"GF-Raw",0.533959572898075,"S19_3328287"
"GF-Raw",0.480566602990639,"S19_5379172"
"GF-Raw",0.512517388854638,"S19_7277502"
"GF-Raw",0.465783808504131,"S19_7933742"
"GF-Raw",0.488117700202974,"S19_7933764"
"GF-Raw",0.538157734811146,"S19_7987124"
"GF-Raw",0.563753723773214,"S19_7987158"
"GF-Raw",0.552124070638366,"S19_8003536"
"GF-Raw",0.513545176581448,"S19_8024022"
"GF-Raw",0.555789674939047,"S19_9522493"
"GF-Raw",0.451875418817262,"S19_12979094"
"GF-Raw",0.478053298882796,"S1_563766"
"GF-Raw",0.557126967081769,"S1_3109943"
"GF-Raw",0.420871015274602,"S1_4721448"
"GF-Raw",0.433292192216527,"S1_7162272"
"GF-Raw",0.509503966037898,"S1_9828062"
"GF-Raw",0.647833430085535,"S1_9939661"
"GF-Raw",0.53091969986962,"S1_11189913"
"GF-Raw",0.471997897624123,"S1_11718117"
"GF-Raw",0.506008687154827,"S1_14350359"
"GF-Raw",0.532173896032687,"S1_14352336"
"GF-Raw",0.537148130032765,"S1_15765671"
"GF-Raw",0.497013754750063,"S1_21978104"
"GF-Raw",0.506242049455826,"S1_26773745"
"GF-Raw",0.554009427992087,"S1_30516500"
"GF-Raw",0.561604108033726,"S1_32596152"
"GF-Raw",0.466180309226718,"S1_37237736"
"GF-Raw",0.512356406717503,"S1_38266441"
"GF-Raw",0.513512575291657,"S1_41786788"
"GF-Raw",0.514197541264943,"S1_42051762"
"GF-Raw",0.54813075992117,"S1_42051775"
"GF-Raw",0.482520151770234,"S1_42476744"
"GF-Raw",0.433102640529165,"S1_42494483"
"GF-Raw",0.507802198087443,"S2_47936"
"GF-Raw",0.489937661961121,"S2_114597"
"GF-Raw",0.507562122591114,"S2_741400"
"GF-Raw",0.458314658823455,"S2_3919050"
"GF-Raw",0.481413322382034,"S2_4781413"
"GF-Raw",0.504173432898315,"S2_7613635"
"GF-Raw",0.526803186722481,"S2_7682383"
"GF-Raw",0.604706468900407,"S2_8004111"
"GF-Raw",0.487384264146253,"S2_8004130"
"GF-Raw",0.561398328231801,"S2_12174868"
"GF-Raw",0.547097279052858,"S2_12192624"
"GF-Raw",0.469448206571381,"S2_12286610"
"GF-Raw",0.514343180888641,"S2_12664784"
"GF-Raw",0.416234831266846,"S2_18010077"
"GF-Raw",0.522020177874865,"S2_20477136"
"GF-Raw",0.5281169417286,"S2_21401311"
"GF-Raw",0.414637611184593,"S2_21484001"
"GF-Raw",0.500779794237591,"S2_21603613"
"GF-Raw",0.609534946260019,"S2_22801438"
"GF-Raw",0.533232331048065,"S2_25159502"
"GF-Raw",0.452193960199368,"S3_2776025"
"GF-Raw",0.50605517488131,"S3_3580221"
"GF-Raw",0.471328680650422,"S3_6346557"
"GF-Raw",0.547621098117574,"S3_6558156"
"GF-Raw",0.495572932625614,"S3_10657941"
"GF-Raw",0.492298739780512,"S3_11044526"
"GF-Raw",0.44938312850481,"S3_13512611"
"GF-Raw",0.465959702804356,"S3_16301929"
"GF-Raw",0.45451756597141,"S3_16972542"
"GF-Raw",0.701609413298955,"S3_18489682"
"GF-Raw",0.830514138592428,"S3_18489700"
"GF-Raw",0.540043102615212,"S3_18500567"
"GF-Raw",0.592341802213247,"S3_18500573"
"GF-Raw",0.813943679747392,"S3_18500699"
"GF-Raw",0.536498967005482,"S3_18536355"
"GF-Raw",0.676692671639641,"S3_18570210"
"GF-Raw",0.478716166347365,"S3_18596432"
"GF-Raw",0.571391169580882,"S3_18658251"
"GF-Raw",0.488125557067453,"S3_18686823"
"GF-Raw",0.634378095024854,"S3_18883053"
"GF-Raw",0.467587721759972,"S3_18978625"
"GF-Raw",0.586410569091412,"S3_18978641"
"GF-Raw",0.518244162161485,"S4_1172939"
"GF-Raw",0.479045172834925,"S4_1806160"
"GF-Raw",0.521608718272449,"S4_1806178"
"GF-Raw",0.785757247464133,"S4_3570242"
"GF-Raw",0.528710955310667,"S4_3783129"
"GF-Raw",0.501947033400269,"S4_4147137"
"GF-Raw",0.472606604826375,"S4_7018591"
"GF-Raw",0.460486106963756,"S4_12246873"
"GF-Raw",0.408719984670766,"S4_14266660"
"GF-Raw",0.48501629786738,"S4_14813285"
"GF-Raw",0.631241521025556,"S4_14813330"
"GF-Raw",0.602830525658353,"S4_14813472"
"GF-Raw",0.644844769828805,"S4_15478815"
"GF-Raw",0.529505978614283,"S4_15827443"
"GF-Raw",0.605282902310412,"S4_15928162"
"GF-Raw",0.515997705679855,"S4_15955794"
"GF-Raw",0.574280193763484,"S4_15955829"
"GF-Raw",0.58108511212538,"S4_15965685"
"GF-Raw",0.59321204670678,"S4_15965702"
"GF-Raw",0.608899214595955,"S4_15965707"
"GF-Raw",0.687898066808031,"S4_15974349"
"GF-Raw",0.860068365315537,"S4_15987409"
"GF-Raw",0.529278380671548,"S4_15987432"
"GF-Raw",0.600863004885809,"S4_16010434"
"GF-Raw",0.631698646715825,"S4_16010435"
"GF-Raw",0.627757375825846,"S4_16010437"
"GF-Raw",0.644471585827811,"S4_16010440"
"GF-Raw",0.575529590172852,"S4_16034187"
"GF-Raw",0.586776366901007,"S4_16034189"
"GF-Raw",0.505559592588698,"S4_16034290"
"GF-Raw",0.61939213711703,"S4_16114734"
"GF-Raw",0.577404489128937,"S4_16114756"
"GF-Raw",0.566949026963496,"S4_16114782"
"GF-Raw",0.641113016448871,"S4_16297475"
"GF-Raw",0.561385499009468,"S4_16307869"
"GF-Raw",0.476034341357397,"S4_16356211"
"GF-Raw",0.587890307919925,"S4_16356294"
"GF-Raw",0.464798490885796,"S4_22568545"
"GF-Raw",0.549353879327411,"S4_23431963"
"GF-Raw",0.410164288491293,"S5_3538628"
"GF-Raw",0.562096848988287,"S5_3800952"
"GF-Raw",0.705899287849794,"S5_3831938"
"GF-Raw",0.460217597363166,"S5_4135782"
"GF-Raw",0.506816943123916,"S5_4187907"
"GF-Raw",0.49957254473645,"S5_6940165"
"GF-Raw",0.540096772319124,"S5_9502680"
"GF-Raw",0.666761879090791,"S5_17025499"
"GF-Raw",0.569361540678902,"S5_20144904"
"GF-Raw",0.529703665338198,"S5_21930986"
"GF-Raw",0.565603897198487,"S5_22115603"
"GF-Raw",0.499366072610423,"S5_22570287"
"GF-Raw",0.535021100943876,"S5_22935074"
"GF-Raw",0.499831676756521,"S5_23603906"
"GF-Raw",0.466058009839368,"S5_23616069"
"GF-Raw",0.597355187223354,"S5_25762177"
"GF-Raw",0.474331343698217,"S6_6564555"
"GF-Raw",0.469150285037031,"S6_6737196"
"GF-Raw",0.683566483181441,"S6_6821114"
"GF-Raw",0.58621099876831,"S6_8187006"
"GF-Raw",0.596343081991932,"S6_9348153"
"GF-Raw",0.53035391629919,"S6_16381556"
"GF-Raw",0.485877440535289,"S6_16546579"
"GF-Raw",0.50086419476574,"S6_16546675"
"GF-Raw",0.545248872007306,"S6_16789405"
"GF-Raw",0.5409007795452,"S6_17388340"
"GF-Raw",0.493434544148329,"S6_18048305"
"GF-Raw",0.539952317237417,"S6_18230675"
"GF-Raw",0.545343364817779,"S6_20334383"
"GF-Raw",0.53415285678621,"S6_20334386"
"GF-Raw",0.460428323533215,"S6_20670929"
"GF-Raw",0.468170505780403,"S6_22585752"
"GF-Raw",0.55278025162168,"S6_24575736"
"GF-Raw",0.481015394283418,"S6_24578504"
"GF-Raw",0.443658037067238,"S6_25686327"
"GF-Raw",0.517010023961457,"S6_25782798"
"GF-Raw",0.578125276011165,"S6_27586963"
"GF-Raw",0.470139128634983,"S7_4255001"
"GF-Raw",0.45530117030447,"S7_7353003"
"GF-Raw",0.537709312067171,"S7_7560592"
"GF-Raw",0.555084170299572,"S7_8099646"
"GF-Raw",0.513410844481557,"S7_8944410"
"GF-Raw",0.497836086361192,"S7_9045199"
"GF-Raw",0.498753612711866,"S7_11255717"
"GF-Raw",0.435228266834582,"S7_14535369"
"GF-Raw",0.582845494658744,"S8_229724"
"GF-Raw",0.517563116987188,"S8_3139775"
"GF-Raw",0.619218257458576,"S8_4350246"
"GF-Raw",0.635311463419177,"S8_4379045"
"GF-Raw",0.572676605397225,"S8_5623693"
"GF-Raw",0.60032193852297,"S8_5652873"
"GF-Raw",0.499638290240689,"S8_5756708"
"GF-Raw",0.473062746087153,"S8_9062278"
"GF-Raw",0.487205878918221,"S8_9829579"
"GF-Raw",0.599961591012065,"S8_13936361"
"GF-Raw",0.526869650691956,"S8_13936776"
"GF-Raw",0.513727298727769,"S8_18426328"
"GF-Raw",0.388515252218156,"S9_624937"
"GF-Raw",0.494099658222353,"S9_706979"
"GF-Raw",0.462393244175946,"S9_1680419"
"GF-Raw",0.49007165036769,"S9_1925086"
"GF-Raw",0.577435143661036,"S9_3361997"
"GF-Raw",0.464883434931394,"S9_4865888"
"GF-Raw",0.450104315000458,"S9_6502929"
"GF-Raw",0.462400857895926,"S9_9088009"
"GF-Raw",0.583167073340546,"S9_10817016"
"GF-X",0.539284842106337,"S1_14350359"
"GF-X",0.382223319997584,"S1_14352253"
"GF-X",0.525167358821772,"S1_14352336"
"GF-X",0.323672142440261,"S1_18656217"
"GF-X",0.36287004826658,"S1_26668973"
"GF-X",0.353507484153338,"S1_26698669"
"GF-X",0.011083985206103,"S1_38782979"
"GF-X",0.288409124248815,"S10_4812859"
"GF-X",0.328708803693348,"S11_1276905"
"GF-X",0.307629695503036,"S11_15476153"
"GF-X",0.265388624967949,"S11_15476165"
"GF-X",0.347257329305956,"S11_16682813"
"GF-X",0.231459356964771,"S12_12965547"
"GF-X",0.274007198584575,"S12_12965642"
"GF-X",0.232006049146909,"S12_12967623"
"GF-X",0.235944568699353,"S12_12967629"
"GF-X",0.235785517807596,"S12_13050735"
"GF-X",0.329203125290874,"S12_13050874"
"GF-X",0.300569282773389,"S12_13101531"
"GF-X",0.349063377464223,"S12_13325598"
"GF-X",0.358156637683572,"S12_13475702"
"GF-X",0.555633059779951,"S12_13673977"
"GF-X",0.399962570696143,"S12_8245752"
"GF-X",0.140475844912348,"S12_9886948"
"GF-X",0.344412736810114,"S13_10210941"
"GF-X",0.0579360860867961,"S13_13194867"
"GF-X",0.312950095036199,"S13_13225779"
"GF-X",0.106347808803359,"S13_7711605"
"GF-X",0.264042911704786,"S14_3460071"
"GF-X",0.226691788055987,"S15_10404283"
"GF-X",0.028594367099862,"S15_1269689"
"GF-X",0.519821521435843,"S15_13264374"
"GF-X",0.656194620533896,"S15_13876227"
"GF-X",0.644879222636235,"S15_13876284"
"GF-X",0.265915763044118,"S15_14643383"
"GF-X",0.470858678993393,"S15_2512847"
"GF-X",0.388307835079619,"S16_13806519"
"GF-X",0.385503129580834,"S16_14451955"
"GF-X",0.245926111329637,"S17_10047686"
"GF-X",0.480436746564228,"S17_15373087"
"GF-X",0.241689705970251,"S17_2066327"
"GF-X",0.157626530662979,"S17_5669759"
"GF-X",0.0395787566693403,"S18_16236795"
"GF-X",0.124148678865223,"S19_11206792"
"GF-X",0.288071522230832,"S19_3274785"
"GF-X",0.48046547595228,"S19_5379172"
"GF-X",0.119441269516399,"S19_8029408"
"GF-X",0.562135061492694,"S2_12192624"
"GF-X",0.203462300247853,"S2_24127340"
"GF-X",0.33218908251384,"S2_4627894"
"GF-X",0.33868899310701,"S2_91744"
"GF-X",0.21201798017872,"S3_11352202"
"GF-X",0.703733622168295,"S3_18489682"
"GF-X",0.816914944693105,"S3_18489700"
"GF-X",0.534199319959134,"S3_18500567"
"GF-X",0.620331315222652,"S3_18500573"
"GF-X",0.317779151751226,"S3_18500689"
"GF-X",0.821375995016971,"S3_18500699"
"GF-X",0.530319250518563,"S3_18536355"
"GF-X",0.659369179486297,"S3_18570210"
"GF-X",0.482667699221974,"S3_18596432"
"GF-X",0.210766614625012,"S3_18658091"
"GF-X",0.149372854315202,"S3_18658100"
"GF-X",0.393320666259017,"S3_18686809"
"GF-X",0.323327528783375,"S3_18801905"
"GF-X",0.64323288701074,"S3_18883053"
"GF-X",0.268198371985565,"S3_19379546"
"GF-X",0.523461234556551,"S4_1172939"
"GF-X",0.442855543522483,"S4_15928140"
"GF-X",0.599632780214569,"S4_15928162"
"GF-X",0.43330273558673,"S4_15932423"
"GF-X",0.587571097681727,"S4_15965685"
"GF-X",0.589742345821755,"S4_15965702"
"GF-X",0.581827256035985,"S4_15965707"
"GF-X",0.697923855462359,"S4_15974349"
"GF-X",0.374531909897054,"S4_15974358"
"GF-X",0.862376797433372,"S4_15987409"
"GF-X",0.512464527946152,"S4_15987432"
"GF-X",0.589072920473373,"S4_16010434"
"GF-X",0.641865338829085,"S4_16010435"
"GF-X",0.638890453894822,"S4_16010437"
"GF-X",0.627862678422087,"S4_16010440"
"GF-X",0.566146394208875,"S4_16034187"
"GF-X",0.585963674309796,"S4_16034189"
"GF-X",0.491011912290168,"S4_16034290"
"GF-X",0.629268835000865,"S4_16114734"
"GF-X",0.582148774426856,"S4_16114756"
"GF-X",0.641095086232514,"S4_16297475"
"GF-X",0.547632540385609,"S4_16307869"
"GF-X",0.47843923622446,"S4_16356211"
"GF-X",0.162315451307902,"S4_16356241"
"GF-X",0.581129844003995,"S4_16356294"
"GF-X",0.514082956308273,"S4_1806178"
"GF-X",0.172772673712621,"S4_2113137"
"GF-X",0.364694614471956,"S4_5483095"
"GF-X",0.167588425877983,"S4_7408900"
"GF-X",0.289570900612109,"S5_15330341"
"GF-X",0.406042907932813,"S5_21840070"
"GF-X",0.0869049259006258,"S5_21881681"
"GF-X",0.329560415179451,"S5_23487661"
"GF-X",0.313690410772576,"S6_18616263"
"GF-X",0.54705355638432,"S6_20334383"
"GF-X",0.531856858776997,"S6_20334386"
"GF-X",0.243393368435656,"S6_24221401"
"GF-X",0.415318654817004,"S6_24708485"
"GF-X",0.392456762576358,"S6_27668727"
"GF-X",0.175604511550306,"S6_6737165"
"GF-X",0.103924789337403,"S6_890626"
"GF-X",0.567013835276828,"S8_13936361"
"GF-X",0.4679955281968,"S8_13936776"
"GF-X",0.280398671320441,"S8_17469171"
"GF-X",0.351757825448804,"S8_430497"
"GF-X",0.391049956221804,"S8_4813665"
"GF-X",0.342246628238431,"S8_4813710"
"GF-X",0.355643926412223,"S8_4813720"
"GF-X",0.565161796474733,"S8_5623693"
"GF-X",0.359804278483252,"S8_9357359"
"GF-X",0.406360237995381,"S9_12147305"
"GF-X",0.243594497018353,"S9_8659275"
"GF-X",0.225547159568837,"S9_8746239"
"LFMM",0.253025739690997,"S10_11073859"
"LFMM",0.36164963612408,"S10_13711671"
"LFMM",0.381859982305792,"S10_13711683"
"LFMM",0.363983889976888,"S10_13711698"
"LFMM",0.349629009806811,"S11_7736635"
"LFMM",0.412221548021668,"S12_8245752"
"LFMM",0.324464180560654,"S12_9895899"
"LFMM",0.330363737127529,"S12_9895907"
"LFMM",0.11376017246625,"S12_12258270"
"LFMM",0.259036002088983,"S12_12274339"
"LFMM",0.218735479225212,"S12_12965547"
"LFMM",0.158522061894015,"S12_12967623"
"LFMM",0.250246605086179,"S12_12967629"
"LFMM",0.335714160529915,"S12_13325598"
"LFMM",0.370151163352737,"S12_13475702"
"LFMM",0.163626408254856,"S13_200147"
"LFMM",0.432415727816097,"S13_10255748"
"LFMM",0.280667026057018,"S13_13225779"
"LFMM",0.364626905213291,"S13_13241577"
"LFMM",0.480505611436929,"S13_14618925"
"LFMM",0.253951610879785,"S13_15224518"
"LFMM",0.251387205966775,"S14_1675746"
"LFMM",0.13572446898792,"S14_17523970"
"LFMM",0.00591768111438251,"S15_1269689"
"LFMM",0.225876053562262,"S15_3560115"
"LFMM",0.228851126990339,"S15_5618257"
"LFMM",0.219940460959234,"S15_5618289"
"LFMM",0.661684830538868,"S15_13876227"
"LFMM",0.667725063684999,"S15_13876284"
"LFMM",0.121327224691654,"S16_10516838"
"LFMM",0.0644590023918732,"S16_11800735"
"LFMM",0.381976662472613,"S16_14451955"
"LFMM",0.211020245851549,"S17_10047686"
"LFMM",0.0126782772974561,"S17_14235488"
"LFMM",0.434412610772875,"S17_14340693"
"LFMM",0.334716055160119,"S17_14340720"
"LFMM",0.433804535938215,"S17_15298459"
"LFMM",0.472122804936026,"S17_15373087"
"LFMM",0.39594815518868,"S18_2270599"
"LFMM",0.0451394440658556,"S18_9048588"
"LFMM",0.126833992500216,"S18_15622582"
"LFMM",0.244533245211438,"S19_1593498"
"LFMM",0.474313534641986,"S19_5379172"
"LFMM",0.0319899927766321,"S1_2174499"
"LFMM",0.336576625886004,"S1_18656217"
"LFMM",0.201754888323086,"S1_21190269"
"LFMM",0.20045701287453,"S1_26645020"
"LFMM",0.175108658889023,"S1_27602057"
"LFMM",0.198385005908642,"S1_29171560"
"LFMM",0.29548668825945,"S1_44882431"
"LFMM",0.0507091704901613,"S1_48100718"
"LFMM",0.153807160810961,"S1_48144204"
"LFMM",0.315409172036928,"S2_4627894"
"LFMM",0.20742664001503,"S2_16022941"
"LFMM",0.328815602915723,"S2_17650492"
"LFMM",0.453156599027366,"S3_16972542"
"LFMM",0.0675663837267299,"S3_18452687"
"LFMM",0.716688546908259,"S3_18489682"
"LFMM",0.818977898273189,"S3_18489700"
"LFMM",0.362572809492062,"S3_18502430"
"LFMM",0.296746512073261,"S3_18502455"
"LFMM",0.523704602463832,"S3_18536355"
"LFMM",0.422706842424386,"S3_18570090"
"LFMM",0.656527827870516,"S3_18570210"
"LFMM",0.39815596426909,"S3_18686809"
"LFMM",0.638166287853393,"S3_18883053"
"LFMM",0.224668536730685,"S4_5482276"
"LFMM",0.387111857454683,"S4_5483095"
"LFMM",0.377680710653016,"S4_14563741"
"LFMM",0.467976852330027,"S4_14813285"
"LFMM",0.5896891337105,"S4_15965685"
"LFMM",0.580718900092239,"S4_15965702"
"LFMM",0.599056002852087,"S4_15965707"
"LFMM",0.696087916286228,"S4_15974349"
"LFMM",0.0574870984761889,"S4_15974350"
"LFMM",0.383675584688747,"S4_15974358"
"LFMM",0.0314817592993811,"S4_15974359"
"LFMM",0.0965942607110424,"S4_15974362"
"LFMM",0.126182953594018,"S4_15974363"
"LFMM",0.585558147477445,"S4_16010434"
"LFMM",0.639927883399944,"S4_16010435"
"LFMM",0.652455714076868,"S4_16010437"
"LFMM",0.0590461790595447,"S4_16010456"
"LFMM",0.494990945408988,"S4_16034290"
"LFMM",0.56568822001886,"S4_16307869"
"LFMM",0.272290273851199,"S4_18193090"
"LFMM",0.320230583201796,"S4_18529740"
"LFMM",0.0968908290651308,"S4_19267154"
"LFMM",0.309860519567574,"S5_2072455"
"LFMM",0.191535892190042,"S5_5073923"
"LFMM",0.135548510654518,"S5_8385912"
"LFMM",0.399510848723081,"S5_21840070"
"LFMM",0.103088838231239,"S6_6028786"
"LFMM",0.167901813122075,"S6_6043630"
"LFMM",0.103348588615028,"S6_6052184"
"LFMM",0.140107377344941,"S6_6564560"
"LFMM",0.324229076329578,"S6_18616263"
"LFMM",0.279348292835866,"S6_18665227"
"LFMM",0.21874880372944,"S6_18665262"
"LFMM",0.303071831252086,"S6_18665287"
"LFMM",0.520902560855347,"S6_20334383"
"LFMM",0.541034634668845,"S6_20334386"
"LFMM",0.419471459072013,"S6_24708485"
"LFMM",0.0958885672882499,"S6_25907498"
"LFMM",0.334215387507615,"S7_9652837"
"LFMM",0.259584925589616,"S7_10322551"
"LFMM",0.252428630878469,"S7_10322556"
"LFMM",0.297419787778134,"S7_13393060"
"LFMM",0.220103213819948,"S7_13397952"
"LFMM",0.345285999100406,"S8_430497"
"LFMM",0.353070194029892,"S8_4813665"
"LFMM",0.555383278616111,"S8_5623693"
"LFMM",0.391795417754269,"S8_17319498"
"LFMM",0.394425211549704,"S8_17408780"
"LFMM",0.238167220932032,"S9_8659275"
"LFMM",0.430532992908924,"S9_12147254"
"LFMM",0.307705682267175,"S11_18167411"
"LFMM",0.0906314186444074,"S12_1181166"
"LFMM",0.557872870315508,"S12_13673977"
"LFMM",0.089848686322892,"S13_2189824"
"LFMM",0.0666343023036611,"S13_2572440"
"LFMM",0.0971444293031419,"S13_7711605"
"LFMM",0.151040879387938,"S13_14595160"
"LFMM",0.202528467518082,"S17_8645939"
"LFMM",0.176377803940855,"S18_16874782"
"LFMM",0.0662253652354328,"S18_16877107"
"LFMM",0.0577171145825183,"S18_16877150"
"LFMM",0.0673130141745245,"S18_16882317"
"LFMM",0.0638592196351846,"S18_16906814"
"LFMM",0.0496633301448868,"S18_16906848"
"LFMM",0.319130984316316,"S19_3402728"
"LFMM",0.245356405339149,"S19_4160009"
"LFMM",0.244866219908993,"S19_7847751"
"LFMM",0.0204743592204373,"S2_546918"
"LFMM",0.436949813664469,"S3_18978625"
"LFMM",0.464502655185455,"S3_18978626"
"LFMM",0.584183397293308,"S3_18978641"
"LFMM",0.171843895915771,"S4_15822978"
"LFMM",0.0118110856277419,"S4_16282444"
"LFMM",0.477275383867227,"S4_16356211"
"LFMM",0.594284495215949,"S4_16356294"
"LFMM",0.0561013650033353,"S5_2244962"
"LFMM",0.074736021239697,"S6_23195388"
"LFMM",0.130627519507245,"S6_24708468"
"LFMM",0.080151058261648,"S7_12298339"
"LFMM",0.298674229817416,"S9_12118061"
"Bayenv",0.165345905677575,"S1_17084758"
"Bayenv",0.472215318945992,"S1_18093059"
"Bayenv",0.219463855130868,"S1_20142608"
"Bayenv",0.199750569094357,"S1_20384183"
"Bayenv",0.190207642163967,"S1_26645020"
"Bayenv",0.343721064275619,"S1_26668973"
"Bayenv",0.354218663919381,"S1_26698631"
"Bayenv",0.371486072706087,"S1_26698669"
"Bayenv",0.327941708899656,"S1_26698692"
"Bayenv",0.369881581511004,"S1_26773694"
"Bayenv",0.499555666113207,"S1_26773745"
"Bayenv",0.194023783716995,"S1_29171560"
"Bayenv",0.0989754699812797,"S1_2923910"
"Bayenv",0.546973168846387,"S1_30516500"
"Bayenv",0.378411992588912,"S1_31127116"
"Bayenv",0.319664850305584,"S1_33260440"
"Bayenv",0.0924687780668658,"S1_33260441"
"Bayenv",0.0386370739725209,"S1_40813260"
"Bayenv",0.0940795265866344,"S1_4419396"
"Bayenv",0.425637792368923,"S1_48032180"
"Bayenv",0.0501714714668615,"S1_48126377"
"Bayenv",0.249958215889927,"S1_8100189"
"Bayenv",0.30351256090946,"S1_9270560"
"Bayenv",0.075755541481816,"S2_24127305"
"Bayenv",0.325436642386972,"S2_4627894"
"Bayenv",0.106034498342748,"S3_18452687"
"Bayenv",0.710449639454804,"S3_18489682"
"Bayenv",0.819234558341392,"S3_18489700"
"Bayenv",0.537367786481182,"S3_18500567"
"Bayenv",0.593644016981278,"S3_18500573"
"Bayenv",0.309586570646965,"S3_18500689"
"Bayenv",0.835500605494003,"S3_18500699"
"Bayenv",0.392385349080153,"S3_18502430"
"Bayenv",0.235130867180403,"S3_18502455"
"Bayenv",0.525447672284263,"S3_18536355"
"Bayenv",0.665922015267915,"S3_18570210"
"Bayenv",0.180204279507084,"S3_18658091"
"Bayenv",0.161467065060285,"S3_18658100"
"Bayenv",0.42918035178587,"S3_18658250"
"Bayenv",0.542654956447892,"S3_18658251"
"Bayenv",0.325307891858213,"S3_18801905"
"Bayenv",0.636545972783867,"S3_18883053"
"Bayenv",0.185809750030165,"S3_21358727"
"Bayenv",0.520863678699079,"S4_1172939"
"Bayenv",0.147199543950297,"S4_1344938"
"Bayenv",0.153845494115349,"S4_1344946"
"Bayenv",0.4474565405588,"S4_15928140"
"Bayenv",0.597099687956451,"S4_15928162"
"Bayenv",0.586071607436271,"S4_15965685"
"Bayenv",0.594308507344351,"S4_15965702"
"Bayenv",0.68765663237638,"S4_15974349"
"Bayenv",0.389520852909218,"S4_15974358"
"Bayenv",0.860476989389909,"S4_15987409"
"Bayenv",0.516578677566551,"S4_15987432"
"Bayenv",0.581193116950085,"S4_16010434"
"Bayenv",0.648611024987251,"S4_16010435"
"Bayenv",0.632145202986328,"S4_16010437"
"Bayenv",0.620382019663229,"S4_16010440"
"Bayenv",0.5771572225203,"S4_16034187"
"Bayenv",0.58182213704766,"S4_16034189"
"Bayenv",0.488410137957557,"S4_16034290"
"Bayenv",0.583519912401106,"S4_16114756"
"Bayenv",0.640002781283597,"S4_16297475"
"Bayenv",0.495147005385778,"S4_16356211"
"Bayenv",0.14948590476048,"S4_16356241"
"Bayenv",0.583983186855104,"S4_16356294"
"Bayenv",0.243265727664683,"S4_16417517"
"Bayenv",0.522388813295773,"S4_1806178"
"Bayenv",0.274396488025095,"S4_18193090"
"Bayenv",0.141812219575558,"S4_2113137"
"Bayenv",0.176837538904575,"S4_3483244"
"Bayenv",0.39948674154212,"S4_5483095"
"Bayenv",0.341074274314914,"S4_7383074"
"Bayenv",0.194804873567107,"S4_7408900"
"Bayenv",0.164575272164774,"S4_7940653"
"Bayenv",0.288885052661733,"S5_2072455"
"Bayenv",0.0803949279145264,"S5_21881681"
"Bayenv",0.356851972519304,"S5_25084070"
"Bayenv",0.131506136907069,"S5_6561967"
"Bayenv",0.238843287685251,"S5_7301540"
"Bayenv",0.239733123596425,"S5_7301586"
"Bayenv",0.321876643306374,"S6_18616263"
"Bayenv",0.289296436138744,"S6_18665227"
"Bayenv",0.299881316563602,"S6_18665287"
"Bayenv",0.559944193035523,"S6_20334383"
"Bayenv",0.560496337771035,"S6_20334386"
"Bayenv",0.42312241954778,"S6_24708485"
"Bayenv",0.195924456242679,"S6_25969224"
"Bayenv",0.151892529174607,"S6_27432820"
"Bayenv",0.204628204989028,"S6_27432875"
"Bayenv",0.14788177212919,"S6_27432992"
"Bayenv",0.182575255697103,"S6_27433030"
"Bayenv",0.417731775927275,"S6_27477151"
"Bayenv",0.316988187413946,"S6_27575441"
"Bayenv",0.321345570601419,"S6_27575459"
"Bayenv",0.389248693194074,"S6_27668727"
"Bayenv",0.327345317027227,"S6_5203211"
"Bayenv",0.100836973340017,"S6_6028786"
"Bayenv",0.0396025200280881,"S6_6037614"
"Bayenv",0.163659771831248,"S6_6043630"
"Bayenv",0.21308949965279,"S6_6737165"
"Bayenv",0.115939934633522,"S6_890626"
"Bayenv",0.0989197542842557,"S8_1051246"
"Bayenv",0.366493008135618,"S8_430497"
"Bayenv",0.372297673211613,"S8_4813665"
"Bayenv",0.335938959030749,"S8_4813710"
"Bayenv",0.372585515653717,"S8_4813720"
"Bayenv",0.559806634490682,"S8_5623693"
"Bayenv",0.0997387838229865,"S8_7477711"
"Bayenv",0.131988167299756,"S8_932810"
"Bayenv",0.141966008974983,"S9_12111502"
"Bayenv",0.391175558231386,"S9_12147254"
"Bayenv",0.177013145585126,"S9_1340137"
"Bayenv",0.223022414632037,"S9_8746239"
"Bayenv",0.356303614824889,"S10_10196914"
"Bayenv",0.36058138583004,"S10_13711671"
"Bayenv",0.170026763126933,"S10_25597"
"Bayenv",0.28493286024059,"S10_4812859"
"Bayenv",0.153466165918206,"S11_10413861"
"Bayenv",0.11410906178472,"S11_10413876"
"Bayenv",0.169554547399303,"S11_10422464"
"Bayenv",0.0892873494290407,"S11_11254419"
"Bayenv",0.337246308740117,"S11_1276905"
"Bayenv",0.342428782619462,"S11_16682813"
"Bayenv",0.190938841951297,"S11_17472689"
"Bayenv",0.204007054440261,"S11_6940655"
"Bayenv",0.0934615591475816,"S11_779990"
"Bayenv",0.0827542197758689,"S12_1180136"
"Bayenv",0.226726455366006,"S12_12965547"
"Bayenv",0.275409605505914,"S12_12965642"
"Bayenv",0.21462880311813,"S12_12967623"
"Bayenv",0.237788682337033,"S12_13050735"
"Bayenv",0.349055350430727,"S12_13050874"
"Bayenv",0.286374630035203,"S12_13101531"
"Bayenv",0.365052138836026,"S12_13325598"
"Bayenv",0.358228005547688,"S12_13475702"
"Bayenv",0.544956789852206,"S12_13673977"
"Bayenv",0.0614371234780844,"S12_2084944"
"Bayenv",0.413949936579478,"S12_8245752"
"Bayenv",0.13121859665308,"S12_9886948"
"Bayenv",0.290889133036418,"S13_10210941"
"Bayenv",0.052430226087941,"S13_13194867"
"Bayenv",0.30323296858866,"S13_13225779"
"Bayenv",0.433144497296021,"S13_13241609"
"Bayenv",0.0141382227347873,"S13_13573642"
"Bayenv",0.112736921706461,"S13_13615116"
"Bayenv",0.0856913663842916,"S13_13615139"
"Bayenv",0.248599550016696,"S13_15224518"
"Bayenv",0.191610750145257,"S13_200147"
"Bayenv",0.0498612596778795,"S14_10076342"
"Bayenv",0.0899402363501867,"S14_12449425"
"Bayenv",0.00613111992141091,"S14_12449647"
"Bayenv",0.296186337308671,"S14_3460071"
"Bayenv",0.328601061970358,"S14_3460076"
"Bayenv",0.269719821088179,"S14_3460093"
"Bayenv",0.53327097839752,"S14_3646510"
"Bayenv",0.3230601828214,"S15_10946500"
"Bayenv",0.0899621896564879,"S15_1323787"
"Bayenv",0.659837878724069,"S15_13876227"
"Bayenv",0.669329052905456,"S15_13876284"
"Bayenv",0.261187315534652,"S15_14643383"
"Bayenv",0.472683506981787,"S15_2512847"
"Bayenv",0.0922638229977034,"S15_5141045"
"Bayenv",0.0571067268518304,"S15_5141064"
"Bayenv",0.0786528799511359,"S15_5141066"
"Bayenv",0.0213221370421967,"S15_958971"
"Bayenv",0.192116757909305,"S15_997313"
"Bayenv",0.187608744977345,"S16_9852065"
"Bayenv",0.238158816489423,"S17_10047686"
"Bayenv",0.291476161113797,"S17_10071391"
"Bayenv",0.187180148282995,"S17_13408328"
"Bayenv",0.434534301270465,"S17_14340693"
"Bayenv",0.350667273918497,"S17_14340720"
"Bayenv",0.259110273792965,"S17_14375492"
"Bayenv",0.472566812365207,"S17_15373087"
"Bayenv",0.152548615378203,"S17_15380445"
"Bayenv",0.0482631777414797,"S17_2066295"
"Bayenv",0.198217334832011,"S17_4994978"
"Bayenv",0.125340481031273,"S17_9114288"
"Bayenv",0.0704121087827423,"S18_15126647"
"Bayenv",0.218421407110349,"S18_15745991"
"Bayenv",0.00886282180886377,"S18_15746014"
"Bayenv",0.108145094220251,"S18_4793454"
"Bayenv",0.0245829582671214,"S19_14612683"
"Bayenv",0.28116157273536,"S19_14647875"
"Bayenv",0.53719628605146,"S19_8024022"
"Bayenv",0.123895771038651,"S19_8029408"
"Bayenv",0.144917837607161,"S1_16630348"
"Bayenv",0.149324371526114,"S1_18966263"
"Bayenv",0.210088345539361,"S1_27109047"
"Bayenv",0.109223754811486,"S1_37237697"
"Bayenv",0.0755246391692568,"S1_9270467"
"Bayenv",0.0784002849807254,"S2_10028719"
"Bayenv",0.203904537268997,"S2_16022941"
"Bayenv",0.13518277157139,"S2_19788394"
"Bayenv",0.349510821174572,"S2_21456552"
"Bayenv",0.400378062406506,"S2_24867601"
"Bayenv",0.185419184874024,"S2_6778510"
"Bayenv",0.139932808599817,"S3_12909630"
"Bayenv",0.467322346154525,"S3_18978625"
"Bayenv",0.443286523730325,"S3_18978626"
"Bayenv",0.572521377181948,"S3_18978641"
"Bayenv",0.281109416949178,"S3_2470529"
"Bayenv",0.114485411113818,"S4_1344934"
"Bayenv",0.47606718626708,"S4_14813285"
"Bayenv",0.311596045054046,"S4_15827522"
"Bayenv",0.220155705225616,"S4_15865410"
"Bayenv",0.581173798982302,"S4_15965707"
"Bayenv",0.0744485608673348,"S4_16282444"
"Bayenv",0.542516165519973,"S4_16307869"
"Bayenv",0.239971280070993,"S4_17867595"
"Bayenv",0.441041624918336,"S4_23426805"
"Bayenv",0.213643953199393,"S4_3405671"
"Bayenv",0.120603946221176,"S5_9813386"
"Bayenv",0.162182630109024,"S6_19201096"
"Bayenv",0.20117172572629,"S6_27369932"
"Bayenv",0.0515006210356773,"S6_5086304"
"Bayenv",0.428161085999623,"S6_5495369"
"Bayenv",0.296658290688243,"S7_536354"
"Bayenv",0.0288284938610435,"S9_2867225"
"Bayenv",0.306772491232464,"S12_10933048"
"Bayenv",0.141512071687371,"S12_1129672"
"Bayenv",0.259657216765855,"S12_12967629"
"Bayenv",0.0815895572661116,"S12_2259044"
"Bayenv",0.435897269495753,"S13_10255748"
"Bayenv",0.481223491758479,"S13_14618925"
"Bayenv",0.207759257484122,"S14_10715290"
"Bayenv",0.193961336710344,"S14_12103061"
"Bayenv",0.269546260417978,"S14_4636776"
"Bayenv",0.0306040979646193,"S15_8394560"
"Bayenv",0.0605230995611296,"S17_1195576"
"Bayenv",0.120169786473437,"S17_15380476"
"Bayenv",0.203242586123315,"S17_2233315"
"Bayenv",0.0166488209153889,"S17_8067907"
"Bayenv",0.0201952639247969,"S18_15085548"
"Bayenv",0.437714313719192,"S18_8744398"
"Bayenv",0.0842400623277266,"S19_14250401"
"Bayenv",0.205143830900711,"S19_2318151"
"Bayenv",0.327579571820655,"S19_3402728"
"Bayenv",0.186531943329291,"S19_3421246"
"Bayenv",0.137894246418367,"S19_5556196"
"Bayenv",0.014656730352109,"S1_15918404"
"Bayenv",0.0508145029630132,"S1_18093046"
"Bayenv",0.0462346454611351,"S1_22711927"
"Bayenv",0.0788230618529356,"S1_5085173"
"Bayenv",0.00615095424542822,"S1_6226013"
"Bayenv",0.188826149012292,"S1_7567331"
"Bayenv",0.163401938628998,"S2_4330283"
"Bayenv",0.278959241574292,"S3_17383354"
"Bayenv",0.0239335195110993,"S3_8377438"
"Bayenv",0.0356649902788889,"S4_7795122"
"Bayenv",0.427783623162377,"S5_3800975"
"Bayenv",0.138465055884095,"S6_24438204"
"Bayenv",0.0932198862121612,"S6_24438286"
"Bayenv",0.0941725759436071,"S7_683323"
"Bayenv",0.168169638718035,"S8_15065346"
"Bayenv",0.00529207762198547,"S8_16999654"
"Bayenv",0.216329366038217,"S8_19112283"
"Bayenv",0.121222579458703,"S8_9335856"
"Bayenv",0.146559792964412,"S9_1822497"
"Bayenv",0.113366854846692,"S10_22048327"
"Bayenv",0.1193622890107,"S11_4368978"
"Bayenv",0.0795568451684456,"S13_7302435"
"Bayenv",0.40819918491703,"S15_13400028"
"Bayenv",0.174206845832183,"S15_9605056"
"Bayenv",0.313595970884724,"S17_2671255"
"Bayenv",0.300621989084962,"S17_6413677"
"Bayenv",0.0571877580020348,"S18_13568248"
"Bayenv",0.148136041197813,"S18_14252638"
"Bayenv",0.102961400225936,"S18_432590"
